country-code,short-name,table-name,long-name,2-alpha-code,currency-unit,special-notes,region,income-group,wb-2-code,national-accounts-base-year,national-accounts-reference-year,sna-price-valuation,lending-category,other-groups,system-of-national-accounts,alternative-conversion-factor,ppp-survey-year,balance-of-payments-manual-in-use,external-debt-reporting-status,system-of-trade,government-accounting-concept,imf-data-dissemination-standard,latest-population-census,latest-household-survey,source-of-most-recent-income-and-expenditure-data,vital-registration-complete,latest-agricultural-census,latest-industrial-data,latest-trade-data,-c30
AFG,Afghanistan,Afghanistan,Islamic State of Afghanistan,AF,Afghan afghani,"Fiscal year end: March 20; reporting period for national accounts data is calendar year, estimated to insure consistency between national accounts and fiscal data. National accounts data are sourced from the IMF and differ from the Central Statistics Organization numbers due to exclusion of the opium economy.",South Asia,Low income,AF,2002/03,N/A,Value added at basic prices (VAB),IDA,HIPC,Country uses the 1993 System of National Accounts methodology,N/A,N/A,BPM6,Actual,General trade system,Consolidated central government,Enhanced General Data Dissemination System (e-GDDS),1979,"Demographic and Health Survey, 2015","Integrated household survey (IHS), 2011",N/A,N/A,,2016,N/A
AGO,Angola,Angola,People's Republic of Angola,AO,Angolan kwanza,N/A,Sub-Saharan Africa,Lower middle income,AO,2002,N/A,Value added at producer prices (VAP),IBRD,N/A,Country uses the 1993 System of National Accounts methodology,1991–96,2011,BPM6,Actual,Special trade system,Budgetary central government,Enhanced General Data Dissemination System (e-GDDS),2014,"Demographic and Health Survey, 2015/16","Integrated household survey (IHS), 2008/09",N/A,N/A,,2016,N/A
ALB,Albania,Albania,Republic of Albania,AL,Albanian lek,N/A,Europe & Central Asia,Upper middle income,AL,Original chained constant price data are rescaled.,1996,Value added at basic prices (VAB),IBRD,N/A,Country uses the 2008 System of National Accounts methodology,N/A,Rolling,BPM6,Actual,Special trade system,Consolidated central government,Enhanced General Data Dissemination System (e-GDDS),2011,"Demographic and Health Survey, 2008/09","Living Standards Measurement Study Survey (LSMS), 2012",Yes,2012,2013,2016,N/A
ARE,United Arab Emirates,United Arab Emirates,United Arab Emirates,AE,U.A.E. dirham,N/A,Middle East & North Africa,High income,AE,2010,N/A,Value added at basic prices (VAB),N/A,N/A,Country uses the 1993 System of National Accounts methodology,N/A,2011,N/A,N/A,Special trade system,Consolidated central government,Enhanced General Data Dissemination System (e-GDDS),2010,"World Health Survey, 2003",N/A,N/A,2012,1985,2016,N/A
The World Bank systematically assesses the appropriateness of official exchange rates as conversion factors. An alternative conversion factor is used when the official exchange rate is judged to diverge by an exceptionally large margin from the rate effectively applied to domestic transactions of foreign currencies and traded products. In the case of Argentina,"the World Bank has found that during 2012-2015 there were two exchange rates (official and parallel) and parallel exchange rate (blue chip swap rate) was used in around 20% of the transactions. Based on this information an alternative conversion factor has been calculated using a weighted average method for this period.\"",Latin America & Caribbean,Upper middle income,AR,2004,N/A,Value added at basic prices (VAB),IBRD,N/A,Country uses the 2008 System of National Accounts methodology,1971–84; 2012-15,N/A,BPM6,Actual,Special trade system,Consolidated central government,Special Data Dissemination Standard (SDDS),2010,"Multiple Indicator Cluster Survey, 2011/12","Integrated household survey (IHS), 2016",Yes,2008,2002,2016,N/A,N/A,N/A,,,N/A
ARM,Armenia,Armenia,Republic of Armenia,AM,Armenian dram,N/A,Europe & Central Asia,Lower middle income,AM,Original chained constant price data are rescaled.,1996,Value added at basic prices (VAB),IBRD,N/A,Country uses the 2008 System of National Accounts methodology,1990–95,2011,BPM6,Actual,General trade system,Consolidated central government,Special Data Dissemination Standard (SDDS),2011,"Demographic and Health Survey, 2015/16","Integrated household survey (IHS), 2015",Yes,2014,,2016,N/A
AUS,Australia,Australia,Commonwealth of Australia,AU,Australian dollar,Fiscal year end: June 30; reporting period for national accounts data: FY. Value added current series updated by the Australian Bureau of Statistics;,East Asia & Pacific,High income,AU,Original chained constant price data are rescaled.,2015,Value added at basic prices (VAB),N/A,N/A,Country uses the 2008 System of National Accounts methodology,N/A,2011,BPM6,N/A,General trade system,Consolidated central government,Special Data Dissemination Standard (SDDS),2016,N/A,"Expenditure survey/budget survey (ES/BS), 2010",Yes,2011,2013,2016,N/A
AUT,Austria,Austria,Republic of Austria,AT,Euro,"A simple multiplier is used to convert the national currencies of EMU members to euros. The following irrevocable euro conversion rate was adopted by the EU Council on January 1, 1999: 1 euro = 13.7603 Austrian schilling. Please note that historical data before 1999 are not actual euros and are not comparable or suitable for aggregation across countries.",Europe & Central Asia,High income,AT,Original chained constant price data are rescaled.,2010,Value added at basic prices (VAB),N/A,Euro area,Country uses the 2008 System of National Accounts methodology,N/A,Rolling,BPM6,N/A,Special trade system,Consolidated central government,Special Data Dissemination Standard Plus (SDDS+),2011. Population data compiled from administrative registers.,N/A,"Income survey (IS), 2014",Yes,2010,2014,2016,N/A
AZE,Azerbaijan,Azerbaijan,Republic of Azerbaijan,AZ,New Azeri manat,N/A,Europe & Central Asia,Upper middle income,AZ,Original chained constant price data are rescaled.,2000,Value added at basic prices (VAB),IBRD,N/A,Country uses the 1993 System of National Accounts methodology,1992–95,2011,BPM6,Actual,General trade system,Consolidated central government,Enhanced General Data Dissemination System (e-GDDS),2009,"Demographic and Health Survey, 2006","Living Standards Measurement Study Survey (LSMS), 2012",Yes,2015,2013,2016,N/A
BDI,Burundi,Burundi,Republic of Burundi,BI,Burundi franc,N/A,Sub-Saharan Africa,Low income,BI,2005,N/A,Value added at basic prices (VAB),IDA,HIPC,Country uses the 1993 System of National Accounts methodology,N/A,2011,BPM6,Actual,General trade system,Budgetary central government,Enhanced General Data Dissemination System (e-GDDS),2008,"Demographic and Health Survey, 2016","Core Welfare Indicator Questionnaire Survey (CWIQ), 2014",N/A,N/A,2012,2016,N/A
BEL,Belgium,Belgium,Kingdom of Belgium,BE,Euro,"A simple multiplier is used to convert the national currencies of EMU members to euros. The following irrevocable euro conversion rate was adopted by the EU Council on January 1, 1999: 1 euro = 40.3399 Belgian franc. Please note that historical data before 1999 are not actual euros and are not comparable or suitable for aggregation across countries.",Europe & Central Asia,High income,BE,Original chained constant price data are rescaled.,2010,Value added at basic prices (VAB),N/A,Euro area,Country uses the 2008 System of National Accounts methodology,N/A,Rolling,BPM6,N/A,Special trade system,Consolidated central government,Special Data Dissemination Standard (SDDS),"2011. Population data compiled from administrative registers in combination with other sources of data, such as a sample surveys.",N/A,"Income survey (IS), 2014",Yes,2010,2014,2016,N/A
BEN,Benin,Benin,Republic of Benin,BJ,West African CFA franc,N/A,Sub-Saharan Africa,Low income,BJ,2007,N/A,Value added at basic prices (VAB),IDA,HIPC,Country uses the 1993 System of National Accounts methodology,1992,2011,BPM6,Actual,General trade system,Budgetary central government,Enhanced General Data Dissemination System (e-GDDS),2013,"Multiple Indicator Cluster Survey, 2014","Core Welfare Indicator Questionnaire Survey (CWIQ), 2015",N/A,N/A,1981,2016,N/A
BFA,Burkina Faso,Burkina Faso,Burkina Faso,BF,West African CFA franc,N/A,Sub-Saharan Africa,Low income,BF,1999,N/A,Value added at basic prices (VAB),IDA,HIPC,Country uses the 1993 System of National Accounts methodology,1992–93,2011,BPM6,Actual,General trade system,Budgetary central government,Enhanced General Data Dissemination System (e-GDDS),2006,"Living Standards Measurement Study, 2014; Malaria Indicator Survey, 2014","Core Welfare Indicator Questionnaire Survey (CWIQ), 2014",N/A,2006-10,1983,2016,N/A
BGD,Bangladesh,Bangladesh,People's Republic of Bangladesh,BD,Bangladeshi taka,Fiscal year end: June 30; reporting period for national accounts data: FY.,South Asia,Lower middle income,BD,2005/06,N/A,Value added at basic prices (VAB),IDA,N/A,Country uses the 1993 System of National Accounts methodology,N/A,2011,BPM6,Actual,General trade system,Budgetary central government,Enhanced General Data Dissemination System (e-GDDS),2011,"Demographic and Health Survey, 2014","Integrated household survey (IHS), 2016",N/A,2008,2011,2016,N/A
BGR,Bulgaria,Bulgaria,Republic of Bulgaria,BG,Bulgarian lev,N/A,Europe & Central Asia,Upper middle income,BG,Original chained constant price data are rescaled.,2010,Value added at basic prices (VAB),IBRD,N/A,Country uses the 2008 System of National Accounts methodology,"1978–89, 1991–92",Rolling,BPM6,Actual,Special trade system,Consolidated central government,Special Data Dissemination Standard Plus (SDDS+),2011,"Living Standards Measurement Study, 2007","Expenditure survey/budget survey (ES/BS), 2014",Yes,2010,2014,2016,N/A
BHR,Bahrain,Bahrain,Kingdom of Bahrain,BH,Bahraini dinar,N/A,Middle East & North Africa,High income,BH,2010,N/A,Value added at producer prices (VAP),N/A,N/A,Country uses the 1993 System of National Accounts methodology,N/A,2011,BPM6,N/A,General trade system,Budgetary central government,Enhanced General Data Dissemination System (e-GDDS),2010. Population data compiled from administrative registers.,N/A,N/A,Yes,N/A,2013,2016,N/A
BIH,Bosnia and Herzegovina,Bosnia and Herzegovina,Bosnia and Herzegovina,BA,Bosnia and Herzegovina convertible mark,N/A,Europe & Central Asia,Upper middle income,BA,Original chained constant price data are rescaled.,2010,Value added at basic prices (VAB),IBRD,N/A,Country uses the 1993 System of National Accounts methodology,N/A,Rolling,BPM6,Actual,Special trade system,Consolidated central government,Enhanced General Data Dissemination System (e-GDDS),2013,"Multiple Indicator Cluster Survey, 2011/12","Expenditure survey/budget survey (ES/BS), 2015",Yes,N/A,2011,2016,N/A
BLR,Belarus,Belarus,Republic of Belarus,BY,Belarusian rubel,"In July 2016 a new Belarusian ruble was introduced, at a rate of 1 new ruble = 10,000 old rubles. Local currency values in this database are in new rubels.",Europe & Central Asia,Upper middle income,BY,Original chained constant price data are rescaled.,2000,Value added at basic prices (VAB),IBRD,N/A,Country uses the 2008 System of National Accounts methodology,1990–95,2011,BPM6,Actual,General trade system,Consolidated central government,Special Data Dissemination Standard (SDDS),2009,"Multiple Indicator Cluster Survey, 2012","Integrated household survey (IHS), 2016",Yes,N/A,2014,2016,N/A
BLZ,Belize,Belize,Belize,BZ,Belize dollar,N/A,Latin America & Caribbean,Upper middle income,BZ,2000,N/A,Value added at basic prices (VAB),IBRD,N/A,Country uses the 1993 System of National Accounts methodology,N/A,2011,BPM6,Actual,General trade system,Budgetary central government,Enhanced General Data Dissemination System (e-GDDS),2010,"Multiple Indicator Cluster Survey, 2015/16","Labor force survey (LFS), 1999",N/A,2011,1992,2016,N/A
BOL,Bolivia,Bolivia,Plurinational State of Bolivia,BO,Bolivian Boliviano,N/A,Latin America & Caribbean,Lower middle income,BO,1990,N/A,Value added at basic prices (VAB),IBRD,HIPC,Country uses the 1968 System of National Accounts methodology,1960–85,2011,BPM6,Actual,General trade system,N/A,Enhanced General Data Dissemination System (e-GDDS),2012,"Demographic and Health Survey, 2008","Integrated household survey (IHS), 2015",N/A,2013,2010,2016,N/A
BRA,Brazil,Brazil,Federative Republic of Brazil,BR,Brazilian real,N/A,Latin America & Caribbean,Upper middle income,BR,1995,2000,Value added at basic prices (VAB),IBRD,N/A,Country uses the 2008 System of National Accounts methodology,N/A,2011,BPM6,Actual,Special trade system,Consolidated central government,Special Data Dissemination Standard (SDDS),2010,"Brazil National Demographic and Health Survey of Children and Women, 2006","Integrated household survey (IHS), 2015",N/A,2006,2013,2016,N/A
BTN,Bhutan,Bhutan,Kingdom of Bhutan,BT,Bhutanese ngultrum,N/A,South Asia,Lower middle income,BT,2000,N/A,Value added at basic prices (VAB),IDA,N/A,Country uses the 1993 System of National Accounts methodology,N/A,2011,BPM6,Actual,General trade system,Consolidated central government,Enhanced General Data Dissemination System (e-GDDS),2005,"Multiple Indicator Cluster Survey, 2010","Integrated household survey (IHS), 2012",N/A,"2009. Natural Resources Census, Livestock Census, Livestock and Aquaculture Census or Sample Agricultural Census.",,2016,N/A
BWA,Botswana,Botswana,Republic of Botswana,BW,Botswana pula,"Fiscal year end: March 31; reporting period for national accounts data: CY. Based on official government statistics, national accounts data have been revised from 2006 onward; the new base year is 2006. Data before 2006 were reported on a fiscal year basis.",Sub-Saharan Africa,Upper middle income,BW,2006,N/A,Value added at basic prices (VAB),IBRD,N/A,Country uses the 1993 System of National Accounts methodology,N/A,2011,BPM6,Actual,General trade system,Budgetary central government,Enhanced General Data Dissemination System (e-GDDS),2011,"Demographic survey, 2006","Expenditure survey/budget survey (ES/BS), 2009/10",N/A,2015,2013,2016,N/A
CAF,Central African Republic,Central African Republic,Central African Republic,CF,Central African CFA franc,The source of national accounts has changed to the International Monetary Fund. The base year has reverted back to 1985; the new reference year is 2005.,Sub-Saharan Africa,Low income,CF,2005,2005,Value added at basic prices (VAB),IDA,HIPC,Country uses the 1968 System of National Accounts methodology,N/A,2011,BPM5 (Converted into BPM6 by IMF),Actual,General trade system,Consolidated central government,Enhanced General Data Dissemination System (e-GDDS),2003,"Multiple Indicator Cluster Survey, 2010","Priority survey (PS), 2008",N/A,N/A,1993,2016,N/A
CAN,Canada,Canada,Canada,CA,Canadian dollar,Fiscal year end: March 31; reporting period for national accounts data: CY.,North America,High income,CA,Original chained constant price data are rescaled.,2010,Value added at basic prices (VAB),N/A,N/A,Country uses the 2008 System of National Accounts methodology,N/A,2011,BPM6,N/A,General trade system,Consolidated central government,Special Data Dissemination Standard Plus (SDDS+),2016,N/A,"Labor force survey (LFS), 2013",Yes,2011,2014,2016,N/A
CHE,Switzerland,Switzerland,Switzerland,CH,Swiss franc,N/A,Europe & Central Asia,High income,CH,Original chained constant price data are rescaled.,2010,Value added at basic prices (VAB),N/A,N/A,Country uses the 2008 System of National Accounts methodology,N/A,Rolling,BPM6,N/A,Special trade system,Consolidated central government,Special Data Dissemination Standard (SDDS),"2010. Population data compiled from administrative registers in combination with other sources of data, such as a sample surveys.",N/A,"Income survey (IS), 2014",Yes,2010,2013,2016,N/A
CHL,Chile,Chile,Republic of Chile,CL,Chilean peso,Country uses chain linked methodology.,Latin America & Caribbean,High income,CL,Original chained constant price data are rescaled.,2013,Value added at basic prices (VAB),IBRD,N/A,Country uses the 2008 System of National Accounts methodology,N/A,2011,BPM6,N/A,General trade system,Consolidated central government,Special Data Dissemination Standard (SDDS),2012,N/A,"Integrated household survey (IHS), 2015",Yes,2007,2013,2016,N/A
CHN,China,China,People's Republic of China,CN,Chinese yuan,"On 1 July 1997 China resumed its exercise of sovereignty over Hong Kong; and on 20 December 1999 China resumed its exercise of sovereignty over Macao. Unless otherwise noted, data for China do not include data for Hong Kong SAR, China; Macao SAR, China; or Taiwan, China. The new base year is 2015.",East Asia & Pacific,Upper middle income,CN,2015,N/A,Value added at producer prices (VAP),IBRD,N/A,Country uses the 2008 System of National Accounts methodology,1978–93,2011,BPM6,Preliminary,General trade system,Consolidated central government,Special Data Dissemination Standard (SDDS),2010,"National Sample Survey on Population Changes, 2014","Integrated household survey (IHS), 2014",N/A,2007,2007,2016,N/A
CIV,Côte d'Ivoire,Côte d'Ivoire,Republic of Côte d'Ivoire,CI,West African CFA franc,N/A,Sub-Saharan Africa,Lower middle income,CI,2009,N/A,Value added at producer prices (VAP),IDA,HIPC,Country uses the 1993 System of National Accounts methodology,N/A,2011,BPM6,Actual,Special trade system,Budgetary central government,Enhanced General Data Dissemination System (e-GDDS),2014,"Multiple Indicator Cluster Survey, 2016","Integrated household survey (IHS), 2015",N/A,2014/15,1997,2016,N/A
CMR,Cameroon,Cameroon,Republic of Cameroon,CM,Central African CFA franc,National accounts data revised from 1993-2016.,Sub-Saharan Africa,Lower middle income,CM,2005,N/A,Value added at basic prices (VAB),Blend,HIPC,Country uses the 1993 System of National Accounts methodology,N/A,2011,BPM6,Actual,Special trade system,N/A,Enhanced General Data Dissemination System (e-GDDS),2005,"Multiple Indicator Cluster Survey, 2014","Priority survey (PS), 2014",N/A,"2013. Natural Resources Census, Livestock Census, Livestock and Aquaculture Census or Sample Agricultural Census.",2002,2016,N/A
COD,Dem. Rep. Congo,"Congo, Dem. Rep.",Democratic Republic of the Congo,CD,Congolese franc,WB-3 code changed from ZAR to COD to align with ISO code.,Sub-Saharan Africa,Low income,ZR,2005,N/A,Value added at basic prices (VAB),IDA,HIPC,Country uses the 1993 System of National Accounts methodology,1999–2001,2011,BPM5 (Converted into BPM6 by IMF),Preliminary,Special trade system,Budgetary central government,Enhanced General Data Dissemination System (e-GDDS),1984,"Demographic and Health Survey, 2013/14","1-2-3 survey (1-2-3), 2012/13",N/A,N/A,,2016,N/A
COG,Congo,"Congo, Rep.",Republic of Congo,CG,Central African CFA franc,N/A,Sub-Saharan Africa,Lower middle income,CG,1990,N/A,Value added at producer prices (VAP),Blend,HIPC,Country uses the 1968 System of National Accounts methodology,1993,2011,BPM6,Actual,Special trade system,Consolidated central government,Enhanced General Data Dissemination System (e-GDDS),2007,Multiple Indicator Cluster Survey 2014/15,"Core Welfare Indicator Questionnaire Survey (CWIQ)/Priority survey (PS), 2011",N/A,2014/15,2009,2016,N/A
COL,Colombia,Colombia,Republic of Colombia,CO,Colombian peso,N/A,Latin America & Caribbean,Upper middle income,CO,2005,N/A,Value added at basic prices (VAB),IBRD,N/A,Country uses the 1993 System of National Accounts methodology,1992–94,2011,BPM6,Actual,Special trade system,Consolidated central government,Special Data Dissemination Standard (SDDS),2006,"Demographic and Health Survey, 2015/16","Integrated household survey (IHS), 2016",N/A,2014/15,2012,2016,N/A
COM,Comoros,Comoros,Union of the Comoros,KM,Comorian franc,N/A,Sub-Saharan Africa,Low income,KM,1990,N/A,Value added at producer prices (VAP),IDA,HIPC,Country uses the 1993 System of National Accounts methodology,N/A,2011,BPM5 (Converted into BPM6 by IMF),Actual,General trade system,N/A,Enhanced General Data Dissemination System (e-GDDS),2003,"Demographic and Health Survey, 2012","Integrated household survey (IHS), 2013",N/A,N/A,,2016,N/A
CRI,Costa Rica,Costa Rica,Republic of Costa Rica,CR,Costa Rican colon,National accounts are revised from 1991 to 2015 using SNA 2008 based on official government data. The new reference year is 2012. The country uses chain linked methedology.,Latin America & Caribbean,Upper middle income,CR,2012,2012,Value added at basic prices (VAB),IBRD,N/A,Country uses the 2008 System of National Accounts methodology,N/A,2011,BPM6,Actual,General trade system,Consolidated central government,Special Data Dissemination Standard (SDDS),2011,"Multiple Indicator Cluster Survey, 2011","Integrated household survey (IHS), 2016",Yes,2014,2013,2016,N/A
CYP,Cyprus,Cyprus,Republic of Cyprus,CY,Euro,"A simple multiplier is used to convert the national currencies of EMU members to euros. The following irrevocable euro conversion rate entered into force on January 1, 2008: 1 euro = 0.585274 Cyprus pounds. Please note that historical data are not actual euros and are not comparable or suitable for aggregation across countries.",Europe & Central Asia,High income,CY,Original chained constant price data are rescaled.,2005,Value added at basic prices (VAB),N/A,Euro area,Country uses the 2008 System of National Accounts methodology,N/A,Rolling,BPM6,N/A,General trade system,Consolidated central government,Special Data Dissemination Standard (SDDS),2011,N/A,"Income survey (IS), 2014",Yes,2010,2014,2016,N/A
CZE,Czech Republic,Czech Republic,Czech Republic,CZ,Czech koruna,N/A,Europe & Central Asia,High income,CZ,Original chained constant price data are rescaled.,2010,Value added at basic prices (VAB),N/A,N/A,Country uses the 2008 System of National Accounts methodology,N/A,Rolling,BPM6,N/A,Special trade system,Consolidated central government,Special Data Dissemination Standard Plus (SDDS+),"2011. Population data compiled from administrative registers in combination with other sources of data, such as a sample surveys.","World Health Survey, 2003","Income survey (IS), 2014",Yes,2010,2013,2016,N/A
DEU,Germany,Germany,Federal Republic of Germany,DE,Euro,"A simple multiplier is used to convert the national currencies of EMU members to euros. The following irrevocable euro conversion rate was adopted by the EU Council on January 1, 1999: 1 euro = 1.95583 German mark. Please note that historical data before 1999 are not actual euros and are not comparable or suitable for aggregation across countries.",Europe & Central Asia,High income,DE,Original chained constant price data are rescaled.,2010,Value added at basic prices (VAB),N/A,Euro area,Country uses the 2008 System of National Accounts methodology,N/A,Rolling,BPM6,N/A,Special trade system,Consolidated central government,Special Data Dissemination Standard Plus (SDDS+),2011. Population figures compiled from administrative registers and sample surveys while data on housing characteristics are collected through full field enumeration.,N/A,"Income survey (IS), 2013",Yes,2010,2014,2016,N/A
DJI,Djibouti,Djibouti,Republic of Djibouti,DJ,Djibouti franc,N/A,Middle East & North Africa,Lower middle income,DJ,1990,N/A,Value added at basic prices (VAB),IDA,N/A,Country uses the 1993 System of National Accounts methodology,N/A,2011,BPM5 (Converted into BPM6 by IMF),Actual,General trade system,N/A,Enhanced General Data Dissemination System (e-GDDS),2009,"Multiple Indicator Cluster Survey, 2006","Priority survey (PS), 2013",N/A,"2015. Natural Resources Census, Livestock Census, Livestock and Aquaculture Census or Sample Agricultural Census.",,2016,N/A
DNK,Denmark,Denmark,Kingdom of Denmark,DK,Danish krone,N/A,Europe & Central Asia,High income,DK,Original chained constant price data are rescaled.,2010,Value added at basic prices (VAB),N/A,N/A,Country uses the 2008 System of National Accounts methodology,N/A,Rolling,BPM6,N/A,General trade system,Consolidated central government,Special Data Dissemination Standard Plus (SDDS+),2011. Population data compiled from administrative registers.,N/A,"Income survey (IS), 2014",Yes,2010,2014,2016,N/A
DOM,Dominican Republic,Dominican Republic,Dominican Republic,DO,Dominican peso,The Dominican Republic uses chain linked methodology.,Latin America & Caribbean,Upper middle income,DO,2007,N/A,Value added at basic prices (VAB),IBRD,N/A,Country uses the 2008 System of National Accounts methodology,N/A,2011,BPM6,Actual,General trade system,Consolidated central government,Enhanced General Data Dissemination System (e-GDDS),2010,"Multiple Indicator Cluster Survey, 2014","Integrated household survey (IHS), 2015",N/A,N/A,1984,2016,N/A
DZA,Algeria,Algeria,People's Democratic Republic of Algeria,DZ,Algerian dinar,The new base year is 1999.,Middle East & North Africa,Upper middle income,DZ,1999,N/A,Value added at basic prices (VAB),IBRD,N/A,Country uses the 1993 System of National Accounts methodology,N/A,2011,BPM6,Actual,Special trade system,Consolidated central government,Enhanced General Data Dissemination System (e-GDDS),2008,"Multiple Indicator Cluster Survey, 2012/13","Integrated household survey (IHS), 2011",N/A,N/A,2010,2016,N/A
ECU,Ecuador,Ecuador,Republic of Ecuador,EC,U.S. dollar,N/A,Latin America & Caribbean,Upper middle income,EC,2007,N/A,Value added at basic prices (VAB),IBRD,N/A,Country uses the 2008 System of National Accounts methodology,N/A,2011,BPM5 (Converted into BPM6 by IMF),Actual,Special trade system,N/A,Special Data Dissemination Standard (SDDS),2010,"Reproductive Health Survey, 2004","Integrated household survey (IHS), 2015",N/A,N/A,2008,2016,N/A
EGY,Egypt,"Egypt, Arab Rep.",Arab Republic of Egypt,EG,Egyptian pound,Fiscal year end: June 30; reporting period for national accounts data: FY.,Middle East & North Africa,Lower middle income,EG,2011/12,N/A,Value added at basic prices (VAB),IBRD,N/A,Country uses the 1993 System of National Accounts methodology,N/A,2011,BPM5 (Converted into BPM6 by IMF),Actual,General trade system,Budgetary central government,Special Data Dissemination Standard (SDDS),2006,"Health Issues Survey, 2015","Expenditure survey/budget survey (ES/BS), 2015",Yes,2009/10,2012,2016,N/A
ESP,Spain,Spain,Kingdom of Spain,ES,Euro,"A simple multiplier is used to convert the national currencies of EMU members to euros. The following irrevocable euro conversion rate was adopted by the EU Council on January 1, 1999: 1 euro = 166.386 Spanish peseta. Please note that historical data before 1999 are not actual euros and are not comparable or suitable for aggregation across countries.",Europe & Central Asia,High income,ES,Original chained constant price data are rescaled.,2010,Value added at basic prices (VAB),N/A,Euro area,Country uses the 2008 System of National Accounts methodology,N/A,Rolling,BPM6,N/A,Special trade system,Consolidated central government,Special Data Dissemination Standard Plus (SDDS+),"2011. Population data compiled from administrative registers in combination with other sources of data, such as a sample surveys.",N/A,"Income survey (IS), 2014",Yes,2009,2014,2016,N/A
EST,Estonia,Estonia,Republic of Estonia,EE,Euro,"A simple multiplier is used to convert the national currencies of EMU members to euros. The following irrevocable euro conversion rate entered into force on January 1, 2011: 1 euro = 15.6466 Estonian kroon. Please note that historical data are not actual euros and are not comparable or suitable for aggregation across countries.",Europe & Central Asia,High income,EE,Original chained constant price data are rescaled.,2010,Value added at basic prices (VAB),N/A,Euro area,Country uses the 2008 System of National Accounts methodology,1987–95,Rolling,BPM6,N/A,General trade system,Consolidated central government,Special Data Dissemination Standard (SDDS),"2012. Population data compiled from administrative registers in combination with other sources of data, such as a sample surveys.","World Health Survey, 2003","Income survey (IS), 2014",Yes,2010,2014,2016,N/A
ETH,Ethiopia,Ethiopia,Federal Democratic Republic of Ethiopia,ET,Ethiopian birr,Fiscal year end: July 7; reporting period for national accounts data: FY.,Sub-Saharan Africa,Low income,ET,2010/11,N/A,Value added at basic prices (VAB),IDA,HIPC,Country uses the 1993 System of National Accounts methodology,N/A,2011,BPM5 (Converted into BPM6 by IMF),Actual,General trade system,Budgetary central government,Enhanced General Data Dissemination System (e-GDDS),2007,"Demographic and Health Survey, 2016","Expenditure survey/budget survey (ES/BS), 2010/11",N/A,N/A,2014,2016,N/A
FIN,Finland,Finland,Republic of Finland,FI,Euro,"A simple multiplier is used to convert the national currencies of EMU members to euros. The following irrevocable euro conversion rate was adopted by the EU Council on January 1, 1999: 1 euro = 5.94573 Finnish markka. Please note that historical data before 1999 are not actual euros and are not comparable or suitable for aggregation across countries.",Europe & Central Asia,High income,FI,Original chained constant price data are rescaled.,2010,Value added at basic prices (VAB),N/A,Euro area,Country uses the 2008 System of National Accounts methodology,N/A,Rolling,BPM6,N/A,Special trade system,Consolidated central government,Special Data Dissemination Standard (SDDS),2010. Population data compiled from administrative registers.,N/A,"Income survey (IS), 2014",Yes,2010,2014,2016,N/A
FRA,France,France,French Republic,FR,Euro,"A simple multiplier is used to convert the national currencies of EMU members to euros. The following irrevocable euro conversion rate was adopted by the EU Council on January 1, 1999: 1 euro = 6.55957 French franc. Please note that historical data before 1999 are not actual euros and are not comparable or suitable for aggregation across countries.",Europe & Central Asia,High income,FR,Original chained constant price data are rescaled.,2010,Value added at basic prices (VAB),N/A,Euro area,Country uses the 2008 System of National Accounts methodology,N/A,Rolling,BPM6,N/A,Special trade system,Consolidated central government,Special Data Dissemination Standard Plus (SDDS+),2015,N/A,"Income survey (IS), 2014",Yes,2010,2014,2016,N/A
GAB,Gabon,Gabon,Gabonese Republic,GA,Central African CFA franc,N/A,Sub-Saharan Africa,Upper middle income,GA,2001,N/A,Value added at basic prices (VAB),IBRD,N/A,Country uses the 1993 System of National Accounts methodology,1993,2011,BPM5 (Converted into BPM6 by IMF),Actual,Special trade system,N/A,Enhanced General Data Dissemination System (e-GDDS),2013,"Demographic and Health Survey, 2012","Core Welfare Indicator Questionnaire Survey (CWIQ)/Integrated household survey (IHS), 2005",N/A,N/A,1995,2016,N/A
GBR,United Kingdom,United Kingdom,United Kingdom of Great Britain and Northern Ireland,GB,Pound sterling,N/A,Europe & Central Asia,High income,GB,Original chained constant price data are rescaled.,2010,Value added at basic prices (VAB),N/A,N/A,Country uses the 2008 System of National Accounts methodology,N/A,Rolling,BPM6,N/A,General trade system,Consolidated central government,Special Data Dissemination Standard (SDDS),2011,N/A,"Income survey (IS), 2014",Yes,2010,2013,2016,N/A
GEO,Georgia,Georgia,Georgia,GE,Georgian lari,N/A,Europe & Central Asia,Lower middle income,GE,Original chained constant price data are rescaled.,1996,Value added at basic prices (VAB),IBRD,N/A,Country uses the 1993 System of National Accounts methodology,1990–95,2011,BPM6,Actual,General trade system,Consolidated central government,Special Data Dissemination Standard (SDDS),2014,"Georgia Reproductive Health Survey, 2010","Integrated household survey (IHS), 2016",Yes,N/A,2013,2016,N/A
GHA,Ghana,Ghana,Republic of Ghana,GH,New Ghanaian cedi,N/A,Sub-Saharan Africa,Lower middle income,GH,2006,N/A,Value added at basic prices (VAB),IDA,HIPC,Country uses the 1993 System of National Accounts methodology,1973–87,2011,BPM6,Actual,General trade system,Consolidated central government,Enhanced General Data Dissemination System (e-GDDS),2010,"Malaria Indicator Survey, 2016","Living Standards Measurement Study Survey (LSMS), 2012",N/A,N/A,2003,2016,N/A
GIN,Guinea,Guinea,Republic of Guinea,GN,Guinean franc,Base Year is 2003 and 2010 is the Reference Year and national data revised.,Sub-Saharan Africa,Low income,GN,2003,N/A,Value added at basic prices (VAB),IDA,HIPC,Country uses the 1993 System of National Accounts methodology,N/A,2011,BPM6,Estimate,Special trade system,N/A,Enhanced General Data Dissemination System (e-GDDS),2014,"Multiple Indicator Cluster Survey, 2016","Core Welfare Indicator Questionnaire Survey (CWIQ), 2012",N/A,N/A,,2016,N/A
GRC,Greece,Greece,Hellenic Republic,GR,Euro,"A simple multiplier is used to convert the national currencies of EMU members to euros. The following irrevocable euro conversion rate was adopted by the EU Council on January 1, 1999: 1 euro = 340.75 Greek drachma. Please note that historical data before 1999 are not actual euros and are not comparable or suitable for aggregation across countries.",Europe & Central Asia,High income,GR,Original chained constant price data are rescaled.,2010,Value added at basic prices (VAB),N/A,Euro area,Country uses the 2008 System of National Accounts methodology,N/A,Rolling,BPM6,N/A,Special trade system,Consolidated central government,Special Data Dissemination Standard (SDDS),2011,N/A,"Income survey (IS), 2014",Yes,2009,2013,2016,N/A
GTM,Guatemala,Guatemala,Republic of Guatemala,GT,Guatemalan quetzal,The country uses chain linked metheodology.,Latin America & Caribbean,Lower middle income,GT,2001,N/A,Value added at basic prices (VAB),IBRD,N/A,Country uses the 1993 System of National Accounts methodology,N/A,2011,BPM6,Actual,General trade system,Budgetary central government,Enhanced General Data Dissemination System (e-GDDS),2002,"Demographic and Health Survey, 2014/15","Living Standards Measurement Study Survey (LSMS), 2014",Yes,2013,1988,2016,N/A
HKG,"Hong Kong SAR, China","Hong Kong SAR, China",Hong Kong Special Administrative Region of the People's Republic of China,HK,Hong Kong dollar,"On 1 July 1997 China resumed its exercise of sovereignty over Hong Kong. Unless otherwise noted, data for China do not include data for Hong Kong SAR, China; Macao SAR, China; or Taiwan, China. Agriculture value added includes mining and quarrying.",East Asia & Pacific,High income,HK,Original chained constant price data are rescaled.,2015,Value added at basic prices (VAB),N/A,N/A,Country uses the 2008 System of National Accounts methodology,N/A,2011,BPM6,N/A,General trade system,N/A,Special Data Dissemination Standard (SDDS),2016,N/A,N/A,Yes,N/A,2014,2016,N/A
HND,Honduras,Honduras,Republic of Honduras,HN,Honduran lempira,N/A,Latin America & Caribbean,Lower middle income,HN,2000,N/A,Value added at basic prices (VAB),IDA,HIPC,Country uses the 1993 System of National Accounts methodology,1988–89,2011,BPM5 (Converted into BPM6 by IMF),Actual,Special trade system,Consolidated central government,Enhanced General Data Dissemination System (e-GDDS),2013,"Demographic and Health Survey, 2011/12","Integrated household survey (IHS), 2015",N/A,N/A,1996,2016,N/A
HRV,Croatia,Croatia,Republic of Croatia,HR,Croatian kuna,N/A,Europe & Central Asia,Upper middle income,HR,Original chained constant price data are rescaled.,2010,Value added at basic prices (VAB),IBRD,N/A,Country uses the 2008 System of National Accounts methodology,N/A,Rolling,BPM6,N/A,Special trade system,Budgetary central government,Special Data Dissemination Standard (SDDS),2011,"World Health Survey, 2003","Income survey (IS), 2015",Yes,"2010. Natural Resources Census, Livestock Census, Livestock and Aquaculture Census or Sample Agricultural Census.",1996,2016,N/A
HTI,Haiti,Haiti,Republic of Haiti,HT,Haitian gourde,Fiscal year end: September 30; reporting period for national accounts data: FY.,Latin America & Caribbean,Low income,HT,1986/87,N/A,Value added at basic prices (VAB),IDA,HIPC,Country uses the 1968 System of National Accounts methodology,1991,2011,BPM5 (Converted into BPM6 by IMF),Actual,General trade system,N/A,Enhanced General Data Dissemination System (e-GDDS),2003,"Demographic and Health Survey, 2016","Integrated household survey (IHS), 2012",N/A,2008/09,,2016,N/A
HUN,Hungary,Hungary,Hungary,HU,Hungarian forint,N/A,Europe & Central Asia,High income,HU,Original chained constant price data are rescaled.,2010,Value added at basic prices (VAB),N/A,N/A,Country uses the 2008 System of National Accounts methodology,N/A,Rolling,BPM6,N/A,Special trade system,Consolidated central government,Special Data Dissemination Standard (SDDS),2011,"World Health Survey, 2003","Integrated household survey (IHS), 2014",Yes,2010,2013,2016,N/A
IDN,Indonesia,Indonesia,Republic of Indonesia,ID,Indonesian rupiah,Fiscal year end: March 31; reporting period for national accounts data: CY. Data for Indonesia include Timor-Leste through 1999 unless otherwise noted. Statistics Indonesia revised national accounts based on SNA2008. The base year is 2010. Price valuation is in basic prices.,East Asia & Pacific,Lower middle income,ID,2010,N/A,Value added at producer prices (VAP),IBRD,N/A,Country uses the 2008 System of National Accounts methodology,N/A,2011,BPM6,Actual,General trade system,Consolidated central government,Special Data Dissemination Standard (SDDS),2010,"Demographic and Health Survey, 2012","Integrated household survey (IHS), 2016",N/A,2013,2013,2016,N/A
IND,India,India,Republic of India,IN,Indian rupee,Fiscal year end: March 31; reporting period for national accounts data: FY. Based on official government statistics; the new base year is 2011/12. India reports using SNA 2008.,South Asia,Lower middle income,IN,2011/12,N/A,Value added at basic prices (VAB),IBRD,N/A,Country uses the 2008 System of National Accounts methodology,N/A,2011,BPM6,Actual,General trade system,Consolidated central government,Special Data Dissemination Standard (SDDS),2011,"Demographic and Health Survey, 2015/16","Integrated household survey (IHS), 2011/12",N/A,2010/11,2014,2016,N/A
IRL,Ireland,Ireland,Ireland,IE,Euro,"A simple multiplier is used to convert the national currencies of EMU members to euros. The following irrevocable euro conversion rate was adopted by the EU Council on January 1, 1999: 1 euro = 0.787564 Irish pound. Please note that historical data before 1999 are not actual euros and are not comparable or suitable for aggregation across countries.",Europe & Central Asia,High income,IE,Original chained constant price data are rescaled.,2010,Value added at basic prices (VAB),N/A,Euro area,Country uses the 2008 System of National Accounts methodology,N/A,Rolling,BPM6,N/A,General trade system,Consolidated central government,Special Data Dissemination Standard (SDDS),2016,N/A,"Income survey (IS), 2014",Yes,2010,2012,2016,N/A
IRN,Iran,"Iran, Islamic Rep.",Islamic Republic of Iran,IR,Iranian rial,"Fiscal year end: March 20; reporting period for national accounts data: FY. Based on data from the Central Bank of Iran, the new base year is 2011/12.",Middle East & North Africa,Upper middle income,IR,2011,N/A,Value added at basic prices (VAB),IBRD,N/A,Country uses the 1993 System of National Accounts methodology,1980–2002,2011,BPM5 (Converted into BPM6 by IMF),Actual,Special trade system,Consolidated central government,Enhanced General Data Dissemination System (e-GDDS),2011,"Iran’s Multiple Indicator Demographic and Health Survey, 2010","Expenditure survey/budget survey (ES/BS), 2014",Yes,2014,2014,2016,N/A
IRQ,Iraq,Iraq,Republic of Iraq,IQ,Iraqi dinar,"Based on official government statistics, the new base year is 2007.",Middle East & North Africa,Upper middle income,IQ,2007,N/A,Value added at basic prices (VAB),IBRD,N/A,Country uses the 1968 System of National Accounts methodology,"1997, 2004",2011,BPM6,N/A,Special trade system,Budgetary central government,Enhanced General Data Dissemination System (e-GDDS),1997,"Living Standards Measurement Study, 2012","Integrated household survey (IHS), 2012",N/A,2011/12,2011,2016,N/A
ISR,Israel,Israel,State of Israel,IL,Israeli new shekel,N/A,Middle East & North Africa,High income,IL,Original chained constant price data are rescaled.,2015,Value added at basic prices (VAB),N/A,N/A,Country uses the 2008 System of National Accounts methodology,N/A,2011,BPM6,N/A,Special trade system,Consolidated central government,Special Data Dissemination Standard (SDDS),"2009. Population data compiled from administrative registers in combination with other sources of data, such as a sample surveys.",N/A,"Expenditure survey/budget survey (ES/BS), 2012",Yes,N/A,2014,2016,N/A
ITA,Italy,Italy,Italian Republic,IT,Euro,"A simple multiplier is used to convert the national currencies of EMU members to euros. The following irrevocable euro conversion rate was adopted by the EU Council on January 1, 1999: 1 euro = 1936.27 Italian lira. Please note that historical data before 1999 are not actual euros and are not comparable or suitable for aggregation across countries.",Europe & Central Asia,High income,IT,Original chained constant price data are rescaled.,2010,Value added at basic prices (VAB),N/A,Euro area,Country uses the 2008 System of National Accounts methodology,N/A,Rolling,BPM6,N/A,Special trade system,Consolidated central government,Special Data Dissemination Standard Plus (SDDS+),"2012. Population data compiled from administrative registers in combination with other sources of data, such as a sample surveys.",N/A,"Income survey (IS), 2014",Yes,2010,2014,2016,N/A
JAM,Jamaica,Jamaica,Jamaica,JM,Jamaican dollar,N/A,Latin America & Caribbean,Upper middle income,JM,2007,N/A,Value added at basic prices (VAB),IBRD,N/A,Country uses the 1993 System of National Accounts methodology,N/A,2011,BPM6,Actual,Special trade system,Budgetary central government,Enhanced General Data Dissemination System (e-GDDS),2011,"Multiple Indicator Cluster Survey, 2011","Living Standards Measurement Study Survey (LSMS), 2012",N/A,2007,1996,2016,N/A
JOR,Jordan,Jordan,Hashemite Kingdom of Jordan,JO,Jordanian dinar,Expenditure data from 2010 removed as they are estimates.,Middle East & North Africa,Lower middle income,JO,1994,N/A,Value added at basic prices (VAB),IBRD,N/A,Country uses the 1968 System of National Accounts methodology,N/A,2011,BPM6,Actual,Special trade system,Budgetary central government,Special Data Dissemination Standard (SDDS),2015,"Demographic and Health Survey, 2012","Expenditure survey/budget survey (ES/BS), 2010",N/A,2007,2013,2016,N/A
JPN,Japan,Japan,Japan,JP,Japanese yen,Fiscal year end: March 31; reporting period for national accounts data: CY.,East Asia & Pacific,High income,JP,Original chained constant price data are rescaled.,2010,Value added at basic prices (VAB),N/A,N/A,Country uses the 2008 System of National Accounts methodology,N/A,2011,BPM6,N/A,General trade system,Consolidated central government,Special Data Dissemination Standard Plus (SDDS+),2015,N/A,"Integrated household survey (IHS), 2008",Yes,2010,2012,2016,N/A
KAZ,Kazakhstan,Kazakhstan,Republic of Kazakhstan,KZ,Kazakh tenge,N/A,Europe & Central Asia,Upper middle income,KZ,Original chained constant price data are rescaled.,2005,Value added at basic prices (VAB),IBRD,N/A,Country uses the 1993 System of National Accounts methodology,1987–95,2011,BPM6,Actual,General trade system,Consolidated central government,Special Data Dissemination Standard (SDDS),2009,"Multiple Indicator Cluster Survey, 2015","Expenditure survey/budget survey (ES/BS), 2015",Yes,2006/07,2013,2016,N/A
KEN,Kenya,Kenya,Republic of Kenya,KE,Kenyan shilling,Fiscal year end: June 30; reporting period for national accounts data: CY.,Sub-Saharan Africa,Lower middle income,KE,2009,N/A,Value added at basic prices (VAB),IDA Blend,N/A,Country uses the 2008 System of National Accounts methodology,N/A,2011,BPM6,Actual,General trade system,Consolidated central government,Enhanced General Data Dissemination System (e-GDDS),2009,"Malaria Indicator Survey, 2015","Integrated household survey (IHS), 2005/06",N/A,N/A,2013,2016,N/A
KGZ,Kyrgyz Republic,Kyrgyz Republic,Kyrgyz Republic,KG,Kyrgyz som,N/A,Europe & Central Asia,Lower middle income,KG,Original chained constant price data are rescaled.,1995,Value added at basic prices (VAB),IDA,HIPC,N/A,1990–95,2011,BPM6,Actual,General trade system,Consolidated central government,Special Data Dissemination Standard (SDDS),2009,"Multiple Indicator Cluster Survey, 2014","Integrated household survey (IHS), 2015",Yes,N/A,2012,2016,N/A
KHM,Cambodia,Cambodia,Kingdom of Cambodia,KH,Cambodian riel,N/A,East Asia & Pacific,Lower middle income,KH,2000,N/A,Value added at basic prices (VAB),IDA,N/A,Country uses the 1993 System of National Accounts methodology,N/A,2011,BPM6,Actual,General trade system,Budgetary central government,Enhanced General Data Dissemination System (e-GDDS),2008,"Demographic and Health Survey, 2014","Integrated household survey (IHS), 2012",N/A,2013,2000,2016,N/A
KOR,Korea,"Korea, Rep.",Republic of Korea,KR,Korean won,The new base year is 2010. GDP data are available from 1970 onward while components are revised from 2000 onward only. Historical data in constant prices are linked to preserve growth rates.,East Asia & Pacific,High income,KR,2010,N/A,Value added at basic prices (VAB),N/A,N/A,Country uses the 2008 System of National Accounts methodology,N/A,2011,BPM6,N/A,General trade system,Budgetary central government,Special Data Dissemination Standard (SDDS),2015,N/A,"Expenditure survey/budget survey (ES/BS), 2012",Yes,2010,2014,2016,N/A
KWT,Kuwait,Kuwait,State of Kuwait,KW,Kuwaiti dinar,Fiscal year end: June 30; reporting period for national accounts data: CY.,Middle East & North Africa,High income,KW,2010,N/A,Value added at basic prices (VAB),N/A,N/A,Country uses the 1968 System of National Accounts methodology,N/A,2011,BPM6,N/A,Special trade system,Consolidated central government,Enhanced General Data Dissemination System (e-GDDS),2011,"Family Health Survey, 1996",N/A,Yes,N/A,2013,2016,N/A
LAO,Lao PDR,Lao PDR,Lao People's Democratic Republic,LA,Lao kip,New base Year 2012.,East Asia & Pacific,Lower middle income,LA,2012,N/A,Value added at basic prices (VAB),IDA,N/A,Country uses the 2008 System of National Accounts methodology,N/A,2011,BPM5 (Converted into BPM6 by IMF),Actual,Special trade system,Budgetary central government,N/A,2015,"Multiple Indicator Cluster Survey/Demographic and Health Survey, 2011/12","Expenditure survey/budget survey (ES/BS), 2012",N/A,2010/11,1999,2016,N/A
LBN,Lebanon,Lebanon,Lebanese Republic,LB,Lebanese pound,The new reference year is 2010.,Middle East & North Africa,Upper middle income,LB,2010,2010,Value added at basic prices (VAB),IBRD,N/A,Country uses the 2008 System of National Accounts methodology,N/A,2011,BPM5 (Converted into BPM6 by IMF),Actual,Special trade system,Budgetary central government,Enhanced General Data Dissemination System (e-GDDS),1943,"Family Health Survey, 2004","Expenditure survey/budget survey (ES/BS), 2011/12",Yes,2010,2007,2016,N/A
LBR,Liberia,Liberia,Republic of Liberia,LR,U.S. dollar,National accounts local currency data have been revised to be reported in U.S. dollars instead of Liberian dollars.,Sub-Saharan Africa,Low income,LR,2000,N/A,Value added at producer prices (VAP),IDA,HIPC,Country uses the 1993 System of National Accounts methodology,N/A,2011,BPM6,Actual,Special trade system,Consolidated central government,Enhanced General Data Dissemination System (e-GDDS),2008,"Malaria Indicator Survey, 2016","Expenditure survey/budget survey (ES/BS), 2014",N/A,N/A,,2016,N/A
LBY,Libya,Libya,Socialist People's Libyan Arab Jamahiriya,LY,Libyan dinar,Official statistics for Libya are not available; national accounts data are based on World Bank estimates.,Middle East & North Africa,Upper middle income,LY,2003,N/A,Value added at basic prices (VAB),IBRD,N/A,Country uses the 1993 System of National Accounts methodology,1986,N/A,BPM5 (Converted into BPM6 by IMF),N/A,General trade system,N/A,Enhanced General Data Dissemination System (e-GDDS),2006,"Family Health Survey, 2007",N/A,N/A,2014/15,1980,2016,N/A
LKA,Sri Lanka,Sri Lanka,Democratic Socialist Republic of Sri Lanka,LK,Sri Lankan rupee,Bureau of Census and Statistics revised national accounts from 2010-2015. Value added is in basic prices; prior to 2010 in producer prices.,South Asia,Lower middle income,LK,2010,N/A,Value added at basic prices (VAB),IBRD,N/A,Country uses the 2008 System of National Accounts methodology,N/A,2011,BPM6,Actual,General trade system,Budgetary central government,Special Data Dissemination Standard (SDDS),2012,"Demographic and Health Survey, 2006/07","Expenditure survey/budget survey (ES/BS), 2012/13",Yes,2013,2012,2016,N/A
LSO,Lesotho,Lesotho,Kingdom of Lesotho,LS,Lesotho loti,Fiscal year end: March 31; reporting period for national accounts data: CY. The new base year is 2012.,Sub-Saharan Africa,Lower middle income,LS,2012,N/A,Value added at basic prices (VAB),IDA,N/A,Country uses the 1993 System of National Accounts methodology,N/A,2011,BPM6,Actual,General trade system,Budgetary central government,Enhanced General Data Dissemination System (e-GDDS),2016,"Demographic and Health Survey, 2014","Expenditure survey/budget survey (ES/BS), 2010",N/A,2010,1985,2016,N/A
LTU,Lithuania,Lithuania,Republic of Lithuania,LT,Euro,"A simple multiplier is used to convert the national currencies of EMU members to euros. The following irrevocable euro conversion rate entered into force on January 1, 2015: 1 euro = 3.45280 Lithuanian litas. Please note that historical data are not actual euros and are not comparable or suitable for aggregation across countries. Based on data from EUROSTAT, the new reference year is 2010.",Europe & Central Asia,High income,LT,Original chained constant price data are rescaled.,2010,Value added at basic prices (VAB),N/A,Euro area,Country uses the 2008 System of National Accounts methodology,1990–95,Rolling,BPM6,N/A,Special trade system,Consolidated central government,Special Data Dissemination Standard (SDDS),"2011. Population data compiled from administrative registers in combination with other sources of data, such as a sample surveys.",N/A,"Expenditure survey/budget survey (ES/BS), 2014",Yes,2010,2014,2016,N/A
LUX,Luxembourg,Luxembourg,Grand Duchy of Luxembourg,LU,Euro,"A simple multiplier is used to convert the national currencies of EMU members to euros. The following irrevocable euro conversion rate was adopted by the EU Council on January 1, 1999: 1 euro = 40.3399 Luxembourg franc. Please note that historical data before 1999 are not actual euros and are not comparable or suitable for aggregation across countries.",Europe & Central Asia,High income,LU,Original chained constant price data are rescaled.,2010,Value added at basic prices (VAB),N/A,Euro area,Country uses the 2008 System of National Accounts methodology,N/A,Rolling,BPM6,N/A,Special trade system,Consolidated central government,Special Data Dissemination Standard (SDDS),2011,N/A,"Income survey (IS), 2014",Yes,2010,2013,2016,N/A
LVA,Latvia,Latvia,Republic of Latvia,LV,Euro,"A simple multiplier is used to convert the national currencies of EMU members to euros. The following irrevocable euro conversion rate entered into force on January 1, 2014: 1 euro = 0.702804 Latvian lats. Please note that historical data are not actual euros and are not comparable or suitable for aggregation across countries. Based on data from EUROSTAT, the new reference year is 2010.",Europe & Central Asia,High income,LV,Original chained constant price data are rescaled.,2010,Value added at basic prices (VAB),N/A,Euro area,Country uses the 2008 System of National Accounts methodology,1987–95,Rolling,BPM6,N/A,Special trade system,Consolidated central government,Special Data Dissemination Standard (SDDS),"2011. Population data compiled from administrative registers in combination with other sources of data, such as a sample surveys.","World Health Survey, 2003","Integrated household survey (IHS), 2014",Yes,2010,2013,2016,N/A
MAR,Morocco,Morocco,Kingdom of Morocco,MA,Moroccan dirham,N/A,Middle East & North Africa,Lower middle income,MA,2007,N/A,Value added at basic prices (VAB),IBRD,N/A,Country uses the 2008 System of National Accounts methodology,N/A,2011,BPM6,Actual,Special trade system,Budgetary central government,Special Data Dissemination Standard (SDDS),2014,"Morocco National Survey on Population and Family Health, 2011","Expenditure survey/budget survey (ES/BS), 2007",N/A,N/A,2013,2016,N/A
MDA,Moldova,Moldova,Republic of Moldova,MD,Moldovan leu,N/A,Europe & Central Asia,Lower middle income,MD,2000,N/A,Value added at basic prices (VAB),Blend,N/A,N/A,1990–95,2011,BPM6,Actual,General trade system,Consolidated central government,Special Data Dissemination Standard (SDDS),2014,"Multiple Indicator Cluster Survey, 2012","Expenditure survey/budget survey (ES/BS), 2015",Yes,2011,2012,2016,N/A
MDG,Madagascar,Madagascar,Republic of Madagascar,MG,Malagasy ariary,N/A,Sub-Saharan Africa,Low income,MG,1984,N/A,Value added at basic prices (VAB),IDA,HIPC,Country uses the 1968 System of National Accounts methodology,N/A,2011,BPM6,Actual,General trade system,Budgetary central government,Enhanced General Data Dissemination System (e-GDDS),1993,"Malaria Indicator Survey, 2016","Priority survey (PS), 2012",N/A,N/A,2006,2016,N/A
MEX,Mexico,Mexico,United Mexican States,MX,Mexican peso,N/A,Latin America & Caribbean,Upper middle income,MX,2008,N/A,Value added at basic prices (VAB),IBRD,N/A,Country uses the 2008 System of National Accounts methodology,N/A,2011,BPM6,Actual,General trade system,N/A,Special Data Dissemination Standard (SDDS),2010,"Multiple Indicator Cluster Survey, 2015","Integrated household survey (IHS), 2015",Yes,2007,2013,2016,N/A
MKD,Macedonia,"Macedonia, FYR",Former Yugoslav Republic of Macedonia,MK,Macedonian denar,N/A,Europe & Central Asia,Upper middle income,MK,2005,N/A,Value added at basic prices (VAB),IBRD,N/A,N/A,N/A,Rolling,BPM6,Actual,Special trade system,N/A,Special Data Dissemination Standard (SDDS),2002,"Multiple Indicator Cluster Survey, 2011","Expenditure survey/budget survey (ES/BS), 2014",Yes,2007,2010,2014,N/A
MLI,Mali,Mali,Republic of Mali,ML,West African CFA franc,The new base year is 1999.,Sub-Saharan Africa,Low income,ML,1999,N/A,Value added at basic prices (VAB),IDA,HIPC,Country uses the 1993 System of National Accounts methodology,N/A,2011,BPM6,Actual,General trade system,Budgetary central government,Enhanced General Data Dissemination System (e-GDDS),2009,"Multiple Indicator Cluster Survey, 2015; Malaria Indicator Survey, 2015","Integrated household survey (IHS), 2009/10",N/A,N/A,,2016,N/A
MLT,Malta,Malta,Republic of Malta,MT,Euro,"A simple multiplier is used to convert the national currencies of EMU members to euros. The following irrevocable euro conversion rate entered into force on January 1, 2008: 1 euro = 0.4293 Maltese lira. Please note that historical data are not actual euros and are not comparable or suitable for aggregation across countries. National accounts data source from 1995 to 2015 is Eurostat; prior to 1995 is UN. The new reference year is 2010.",Middle East & North Africa,High income,MT,Original chained constant price data are rescaled.,2010,Value added at basic prices (VAB),N/A,Euro area,Country uses the 2008 System of National Accounts methodology,N/A,Rolling,BPM6,N/A,General trade system,Consolidated central government,Special Data Dissemination Standard (SDDS),2011,N/A,N/A,Yes,2010,2009,2016,N/A
MMR,Myanmar,Myanmar,Republic of the Union of Myanmar,MM,Myanmar kyat,Fiscal year end: March 31; reporting period for national accounts data: FY. Based on the government’s Planning Department and the IMF national accounts have been revised from 2010 to 2015. The new base year is 2010/11.,East Asia & Pacific,Lower middle income,MM,2010/11,N/A,Value added at producer prices (VAP),IDA,N/A,Country uses the 1968 System of National Accounts methodology,N/A,2011,BPM6,Estimate,General trade system,N/A,Enhanced General Data Dissemination System (e-GDDS),2014,"Demographic and Health Survey, 2015/16","Integrated household survey (IHS), 2015",N/A,2010,,2016,N/A
MNE,Montenegro,Montenegro,Montenegro,ME,Euro,"Montenegro declared independence from Serbia and Montenegro on June 3, 2006. Where available, data for each country are shown separately. However, for Serbia, some indicators continue to include data for Montenegro through 2005.",Europe & Central Asia,Upper middle income,ME,2000,N/A,Value added at basic prices (VAB),IBRD,N/A,Country uses the 2008 System of National Accounts methodology,N/A,Rolling,BPM6,Actual,Special trade system,N/A,Enhanced General Data Dissemination System (e-GDDS),2011,"Multiple Indicator Cluster Survey, 2013","Expenditure survey/budget survey (ES/BS), 2014",Yes,2010,,2016,N/A
MNG,Mongolia,Mongolia,Mongolia,MN,Mongolian tugrik,N/A,East Asia & Pacific,Lower middle income,MN,2010,N/A,Value added at basic prices (VAB),Blend,N/A,Country uses the 2008 System of National Accounts methodology,N/A,2011,BPM6,Actual,General trade system,Consolidated central government,Enhanced General Data Dissemination System (e-GDDS),2010,"Multiple Indicator Cluster Survey, 2013/14","Living Standards Measurement Study Survey (LSMS), 2014",Yes,2011,2011,2016,N/A
MOZ,Mozambique,Mozambique,Republic of Mozambique,MZ,New Mozambican metical,N/A,Sub-Saharan Africa,Low income,MZ,2009,N/A,Value added at basic prices (VAB),IDA,HIPC,Country uses the 1993 System of National Accounts methodology,1992–95,2011,BPM6,Actual,General trade system,Budgetary central government,Enhanced General Data Dissemination System (e-GDDS),2007,"AIDS Indicator Survey, 2015","Expenditure survey/budget survey (ES/BS), 2008/09",N/A,2009/10,1973,2016,N/A
MRT,Mauritania,Mauritania,Islamic Republic of Mauritania,MR,Mauritanian ouguiya,Based on official statistics from the Ministry of Economic Affairs and Development and ONS – Office National des Statistique; the base year has been returned to 2004.,Sub-Saharan Africa,Lower middle income,MR,2004,N/A,Value added at basic prices (VAB),IDA,HIPC,Country uses the 1993 System of National Accounts methodology,N/A,2011,BPM5 (Converted into BPM6 by IMF),Actual,General trade system,N/A,Enhanced General Data Dissemination System (e-GDDS),2013,"Multiple Indicator Cluster Survey, 2015","Integrated household survey (IHS), 2014",N/A,N/A,,2016,N/A
MUS,Mauritius,Mauritius,Republic of Mauritius,MU,Mauritian rupee,Authorities made significant revisions to the national accounts from 2006 to 2015.,Sub-Saharan Africa,Upper middle income,MU,2006,N/A,Value added at basic prices (VAB),IBRD,N/A,Country uses the 2008 System of National Accounts methodology,N/A,2011,BPM6,Actual,General trade system,Consolidated central government,Special Data Dissemination Standard (SDDS),2011,"World Health Survey, 2003","Integrated household survey (IHS), 2012",Yes,2014,2012,2016,N/A
MWI,Malawi,Malawi,Republic of Malawi,MW,Malawi kwacha,Fiscal year end: March 31; reporting period for national accounts data: CY. The new base year is 2010.,Sub-Saharan Africa,Low income,MW,2010,N/A,Value added at basic prices (VAB),IDA,HIPC,Country uses the 1993 System of National Accounts methodology,N/A,2011,BPM6,Actual,General trade system,Budgetary central government,Enhanced General Data Dissemination System (e-GDDS),2008,"Demographic and Health Survey, 2015/16","Integrated household survey (IHS), 2010/11",N/A,2006/07,2012,2016,N/A
MYS,Malaysia,Malaysia,Malaysia,MY,Malaysian ringgit,N/A,East Asia & Pacific,Upper middle income,MY,2010,N/A,Value added at producer prices (VAP),IBRD,N/A,Country uses the 2008 System of National Accounts methodology,N/A,2011,BPM6,Estimate,General trade system,Budgetary central government,Special Data Dissemination Standard (SDDS),2010,"World Health Survey, 2003","Income survey (IS), 2014",Yes,2015,2012,2016,N/A
NAM,Namibia,Namibia,Republic of Namibia,NA,Namibian dollar,Fiscal year end: March 31; reporting period for national accounts data: CY.,Sub-Saharan Africa,Upper middle income,NA,2010,N/A,Value added at basic prices (VAB),IBRD,N/A,Country uses the 1993 System of National Accounts methodology,N/A,2011,BPM6,N/A,General trade system,Budgetary central government,Enhanced General Data Dissemination System (e-GDDS),2011,"Demographic and Health Survey, 2013","Expenditure survey/budget survey (ES/BS), 2009/10",N/A,2014/15,2013,2016,N/A
NER,Niger,Niger,Republic of Niger,NE,West African CFA franc,Value added is measured in basic prices.,Sub-Saharan Africa,Low income,NE,2006,N/A,Value added at producer prices (VAP),IDA,HIPC,Country uses the 1993 System of National Accounts methodology,1993,2011,BPM6,Actual,General trade system,N/A,Enhanced General Data Dissemination System (e-GDDS),2012,"Living Standards Measurement Study, 2014","Core Welfare Indicator Questionnaire Survey (CWIQ)/Priority survey (PS), 2014",N/A,2004-08,2002,2016,N/A
NGA,Nigeria,Nigeria,Federal Republic of Nigeria,NG,Nigerian naira,N/A,Sub-Saharan Africa,Lower middle income,NG,2010,N/A,Value added at basic prices (VAB),Blend,N/A,Country uses the 2008 System of National Accounts methodology,1971–98,2011,BPM6,Estimate,General trade system,Budgetary central government,Enhanced General Data Dissemination System (e-GDDS),2006,"Malaria Indicator Survey, 2015","Integrated household survey (IHS), 2009/10",N/A,2013,1996,2016,N/A
NIC,Nicaragua,Nicaragua,Republic of Nicaragua,NI,Nicaraguan gold cordoba,Country has 1994 as the base year and 2006 as the reference year. The country uses chain linked methodology.,Latin America & Caribbean,Lower middle income,NI,2006,N/A,Value added at basic prices (VAB),IDA,HIPC,Country uses the 1993 System of National Accounts methodology,1965–95,2011,BPM6,Actual,General trade system,Budgetary central government,Enhanced General Data Dissemination System (e-GDDS),2005,"Reproductive Health Survey, 2006/2007","Living Standards Measurement Study Survey (LSMS), 2016",N/A,2011,1985,2016,N/A
NLD,Netherlands,Netherlands,Kingdom of the Netherlands,NL,Euro,"A simple multiplier is used to convert the national currencies of EMU members to euros. The following irrevocable euro conversion rate was adopted by the EU Council on January 1, 1999: 1 euro = 2.20371 Netherlands guilder. Please note that historical data before 1999 are not actual euros and are not comparable or suitable for aggregation across countries.",Europe & Central Asia,High income,NL,Original chained constant price data are rescaled.,2010,Value added at basic prices (VAB),N/A,Euro area,Country uses the 2008 System of National Accounts methodology,N/A,Rolling,BPM6,N/A,Special trade system,Consolidated central government,Special Data Dissemination Standard Plus (SDDS+),"2011. Population data compiled from administrative registers in combination with other sources of data, such as a sample surveys.",N/A,"Income survey (IS), 2014",Yes,2010,2014,2016,N/A
NOR,Norway,Norway,Kingdom of Norway,NO,Norwegian krone,N/A,Europe & Central Asia,High income,NO,Original chained constant price data are rescaled.,2010,Value added at basic prices (VAB),N/A,N/A,Country uses the 2008 System of National Accounts methodology,N/A,Rolling,BPM6,N/A,General trade system,Consolidated central government,Special Data Dissemination Standard (SDDS),2011. Population data compiled from administrative registers.,N/A,"Income survey (IS), 2014",Yes,2010,2014,2016,N/A
NPL,Nepal,Nepal,Nepal,NP,Nepalese rupee,Fiscal year end: July 14; reporting period for national accounts data: FY.,South Asia,Low income,NP,2000/01,N/A,Value added at basic prices (VAB),IDA,N/A,Country uses the 1993 System of National Accounts methodology,N/A,2011,BPM5 (Converted into BPM6 by IMF),Actual,General trade system,Budgetary central government,Enhanced General Data Dissemination System (e-GDDS),2011,"Demographic and Health Survey, 2016","Living Standards Measurement Study Survey (LSMS), 2010/11",N/A,2011/12,2011,2016,N/A
NZL,New Zealand,New Zealand,New Zealand,NZ,New Zealand dollar,Fiscal year end: March 31; reporting period for national accounts data: CY.,East Asia & Pacific,High income,NZ,Original chained constant price data are rescaled.,2010,Value added at basic prices (VAB),N/A,N/A,Country uses the 2008 System of National Accounts methodology,N/A,2011,BPM6,N/A,General trade system,N/A,N/A,2013,N/A,N/A,Yes,2012,2012,2016,N/A
OMN,Oman,Oman,Sultanate of Oman,OM,Rial Omani,National Center for Statistics and Information revised national accounts from 2011 to 2015 based on the SNA 2008. Value added is in basic prices; and before 2011 in producer prices.,Middle East & North Africa,High income,OM,2010,N/A,Value added at basic prices (VAB),N/A,N/A,Country uses the 1993 System of National Accounts methodology,N/A,2011,BPM5 (Converted into BPM6 by IMF),N/A,General trade system,Budgetary central government,Enhanced General Data Dissemination System (e-GDDS),2010,"Multiple Indicator Cluster Survey, 2014",N/A,N/A,2012/13,2014,2016,N/A
PAK,Pakistan,Pakistan,Islamic Republic of Pakistan,PK,Pakistani rupee,Fiscal year end: June 30; reporting period for national accounts data: FY.,South Asia,Lower middle income,PK,2005/06,N/A,Value added at basic prices (VAB),Blend,N/A,Country uses the 2008 System of National Accounts methodology,N/A,2011,BPM6,Actual,General trade system,Budgetary central government,Enhanced General Data Dissemination System (e-GDDS),1998,"Demographic and Health Survey, 2012/13","Integrated household survey (IHS), 2013/14",N/A,2010,2006,2016,N/A
PAN,Panama,Panama,Republic of Panama,PA,Panamanian balboa,Based on government statistics national accounts have been revised from 2014. The country uses chain linked methodology.,Latin America & Caribbean,Upper middle income,PA,2007,N/A,Value added at basic prices (VAB),IBRD,N/A,Country uses the 1993 System of National Accounts methodology,N/A,2011,BPM6,Actual,Special trade system,N/A,Enhanced General Data Dissemination System (e-GDDS),2010,"Multiple Indicator Cluster Survey, 2013","Integrated household survey (IHS), 2016",N/A,2011,2001,2016,N/A
PER,Peru,Peru,Republic of Peru,PE,Peruvian new sol,N/A,Latin America & Caribbean,Upper middle income,PE,2007,N/A,Value added at basic prices (VAB),IBRD,N/A,Country uses the 2008 System of National Accounts methodology,1985–90,2011,BPM5 (Converted into BPM6 by IMF),Actual,Special trade system,Consolidated central government,Special Data Dissemination Standard (SDDS),2007,"Continuous Demographic and Health Survey, 2014","Integrated household survey (IHS), 2016",N/A,2012,2011,2016,N/A
PHL,Philippines,Philippines,Republic of the Philippines,PH,Philippine peso,N/A,East Asia & Pacific,Lower middle income,PH,2000,N/A,Value added at producer prices (VAP),IBRD,N/A,Country uses the 2008 System of National Accounts methodology,N/A,2011,BPM6,Actual,General trade system,Budgetary central government,Special Data Dissemination Standard (SDDS),2015,"Demographic and Health Survey, 2013","Expenditure survey/budget survey (ES/BS), 2015",Yes,2012,2012,2016,N/A
POL,Poland,Poland,Republic of Poland,PL,Polish zloty,N/A,Europe & Central Asia,High income,PL,Original chained constant price data are rescaled.,2010,Value added at basic prices (VAB),IBRD,N/A,Country uses the 2008 System of National Accounts methodology,N/A,Rolling,BPM6,N/A,Special trade system,Consolidated central government,Special Data Dissemination Standard (SDDS),"2011. Population data compiled from administrative registers in combination with other sources of data, such as a sample surveys.",N/A,"Expenditure survey/budget survey (ES/BS), 2014",Yes,2010,2013,2016,N/A
PRI,Puerto Rico,Puerto Rico,Puerto Rico,PR,U.S. dollar,Fiscal year end: June 30; reporting period for national accounts data: FY.,Latin America & Caribbean,High income,PR,1953/54,N/A,Value added at producer prices (VAP),N/A,N/A,Country uses the 1968 System of National Accounts methodology,N/A,N/A,N/A,N/A,General trade system,N/A,N/A,2010,"Reproductive Health Survey, 1995/96",N/A,Yes,2012,2006,,N/A
PRT,Portugal,Portugal,Portuguese Republic,PT,Euro,"A simple multiplier is used to convert the national currencies of EMU members to euros. The following irrevocable euro conversion rate was adopted by the EU Council on January 1, 1999: 1 euro = 200.482 Portuguese escudo. Please note that historical data before 1999 are not actual euros and are not comparable or suitable for aggregation across countries.",Europe & Central Asia,High income,PT,Original chained constant price data are rescaled.,2010,Value added at basic prices (VAB),N/A,Euro area,Country uses the 2008 System of National Accounts methodology,N/A,Rolling,BPM6,N/A,Special trade system,Consolidated central government,Special Data Dissemination Standard Plus (SDDS+),2011,N/A,N/A,Yes,2009,2014,2016,N/A
PRY,Paraguay,Paraguay,Republic of Paraguay,PY,Paraguayan guarani,N/A,Latin America & Caribbean,Upper middle income,PY,1994,N/A,Value added at basic prices (VAB),IBRD,N/A,Country uses the 1993 System of National Accounts methodology,N/A,2011,BPM5 (Converted into BPM6 by IMF),Actual,General trade system,Consolidated central government,Enhanced General Data Dissemination System (e-GDDS),2012,"Reproductive Health Survey, 2008","Integrated household survey (IHS), 2015",N/A,2008,2010,2016,N/A
PSE,West Bank and Gaza,West Bank and Gaza,West Bank and Gaza,PS,Israeli new shekel,Global Findex data include East Jerusalem.,Middle East & North Africa,Lower middle income,GZ,1997,N/A,Value added at basic prices (VAB),N/A,N/A,N/A,N/A,N/A,"IMF Balance of Payments Manual, 5th edition (1993).",N/A,Special trade system,Budgetary central government,General Data Dissemination System (GDDS),2007,"Pan Arab Project for Family Health (PAPFAM), 2006","Integrated household survey (IHS), 2009",N/A,1971,,2008,N/A
QAT,Qatar,Qatar,State of Qatar,QA,Qatari riyal,N/A,Middle East & North Africa,High income,QA,2013,N/A,Value added at producer prices (VAP),N/A,N/A,Country uses the 1993 System of National Accounts methodology,N/A,2011,BPM5 (Converted into BPM6 by IMF),N/A,Special trade system,Budgetary central government,Enhanced General Data Dissemination System (e-GDDS),2015,"Multiple Indicator Cluster Survey, 2012",N/A,Yes,N/A,2013,2016,N/A
ROU,Romania,Romania,Romania,RO,New Romanian leu,WB-3 code changed from ROM to ROU to align with ISO code.,Europe & Central Asia,Upper middle income,RO,2005,N/A,Value added at basic prices (VAB),IBRD,N/A,Country uses the 2008 System of National Accounts methodology,"1987–89, 1992",Rolling,BPM6,Actual,Special trade system,Consolidated central government,Special Data Dissemination Standard (SDDS),2011,"Romania Reproductive Health Survey, 2004","Expenditure survey/budget survey (ES/BS), 2013",Yes,2010,2013,2016,N/A
RUS,Russia,Russian Federation,Russian Federation,RU,Russian ruble,N/A,Europe & Central Asia,Upper middle income,RU,2011,N/A,Value added at basic prices (VAB),IBRD,N/A,Country uses the 1993 System of National Accounts methodology,1987–95,2011,BPM6,Preliminary,General trade system,Consolidated central government,Special Data Dissemination Standard (SDDS),2010,"Russian Federation Reproductive Health Survey, 2011","Expenditure survey/budget survey (ES/BS), 2016",Yes,2006,2014,2016,N/A
RWA,Rwanda,Rwanda,Republic of Rwanda,RW,Rwandan franc,The New Base Year is 2014.,Sub-Saharan Africa,Low income,RW,2014,N/A,Value added at producer prices (VAP),IDA,HIPC,Country uses the 1993 System of National Accounts methodology,1994,2011,BPM6,Actual,General trade system,Budgetary central government,Enhanced General Data Dissemination System (e-GDDS),2012,"Demographic and Health Survey, 2014/15","Integrated household survey (IHS), 2013/14",N/A,2013,1999,2016,N/A
SAU,Saudi Arabia,Saudi Arabia,Kingdom of Saudi Arabia,SA,Saudi Arabian riyal,Based on data from the Saudi Central Department of Statistics and Information under the authority of the Ministry of Economy and Planning.,Middle East & North Africa,High income,SA,2010,N/A,Value added at producer prices (VAP),N/A,N/A,Country uses the 2008 System of National Accounts methodology,N/A,2011,BPM6,N/A,General trade system,N/A,Enhanced General Data Dissemination System (e-GDDS),2010,"Demographic survey, 2007",N/A,N/A,2010,2006,2016,N/A
SDN,Sudan,Sudan,Republic of the Sudan,SD,Sudanese pound,"Demographic data (total population, life expectancy, fertility, child mortality, migration), education series, and HIV prevalence are reported separately for Sudan and South Sudan; see specific notes for other series. National accounts data exclude South Sudan after July 9, 2011. Other data reported for Sudan generally include South Sudan to 2011 unless otherwise noted. External debt data and land-related data (including population density, but excluding surface area after 2010) for all years include South Sudan.",Sub-Saharan Africa,Lower middle income,SD,1981/82. Reporting period switch from fiscal year to calendar year from 1996. Pre-1996 data converted to calendar year.,N/A,Value added at basic prices (VAB),IDA,HIPC,Country uses the 1968 System of National Accounts methodology,N/A,2011,BPM6,Preliminary,General trade system,N/A,Enhanced General Data Dissemination System (e-GDDS),2008,"Multiple Indicator Cluster Survey, 2014","Expenditure survey/budget survey (ES/BS), 2009",N/A,2015,2001,2016,N/A
SEN,Senegal,Senegal,Republic of Senegal,SN,West African CFA franc,N/A,Sub-Saharan Africa,Low income,SN,1999,N/A,Value added at basic prices (VAB),IDA,HIPC,Country uses the 1993 System of National Accounts methodology,N/A,2011,BPM6,Actual,General trade system,Budgetary central government,Special Data Dissemination Standard (SDDS),2013,"Continuous Demographic and Health Survey, 2015","Priority survey (PS), 2011/12",N/A,2014,2012,2016,N/A
SGP,Singapore,Singapore,Republic of Singapore,SG,Singapore dollar,Fiscal year end: March 31; reporting period for national accounts data: CY. Country reports using a blend of SNA 1993 and SNA 2008.,East Asia & Pacific,High income,SG,2010,N/A,Value added at basic prices (VAB),N/A,N/A,Country uses the 2008 System of National Accounts methodology,N/A,2011,BPM6,N/A,General trade system,Consolidated central government,Special Data Dissemination Standard (SDDS),2010. Population data compiled from administrative registers.,"National Health Survey, 2010",N/A,Yes,N/A,2014,2016,N/A
SLE,Sierra Leone,Sierra Leone,Republic of Sierra Leone,SL,Sierra Leonean leone,Fiscal year end: June 30; reporting period for national accounts data: CY.,Sub-Saharan Africa,Low income,SL,2006,N/A,Value added at basic prices (VAB),IDA,HIPC,Country uses the 1993 System of National Accounts methodology,N/A,2011,BPM5 (Converted into BPM6 by IMF),Actual,General trade system,Consolidated central government,Enhanced General Data Dissemination System (e-GDDS),2015,"Malaria Indicator Survey, 2016","Integrated household survey (IHS), 2011",N/A,N/A,1993,2016,N/A
SLV,El Salvador,El Salvador,Republic of El Salvador,SV,U.S. dollar,N/A,Latin America & Caribbean,Lower middle income,SV,1990,N/A,Value added at basic prices (VAB),IBRD,N/A,Country uses the 1968 System of National Accounts methodology,N/A,2011,BPM6,Actual,General trade system,Consolidated central government,Special Data Dissemination Standard (SDDS),2007,"Multiple Indicator Cluster Survey, 2014","Integrated household survey (IHS), 2016",Yes,2007/08,1998,2016,N/A
SOM,Somalia,Somalia,Somali Democratic Republic,SO,Somali shilling,N/A,Sub-Saharan Africa,Low income,SO,1985,N/A,Value added at basic prices (VAB),IDA,HIPC,Country uses the 1968 System of National Accounts methodology,1977–90,N/A,BPM5 (Converted into BPM6 by IMF),Estimate,N/A,N/A,N/A,1987,"Multiple Indicator Cluster Survey, 2006",N/A,N/A,N/A,1986,,N/A
SRB,Serbia,Serbia,Republic of Serbia,RS,New Serbian dinar,"Montenegro declared independence from Serbia and Montenegro on June 3, 2006. Where available, data for each country are shown separately. However, for Serbia, some indicators, such as those series for which data appear only for Serbia and not Montenegro--e.g., aid, environment, external debt, balance of payments, various social indicators excluding population--continue to include data for Montenegro through 2005. Moreover, data from 1999 onward for Serbia for most indicators exclude data for Kosovo, 1999 being the year when Kosovo became a territory under international administration pursuant to UN Security Council Resolution 1244 (1999); any exceptions are noted. Kosovo became a World Bank member on June 29, 2009; available data are shown separately for Kosovo. In 2011, the Statistical Office of Serbia improved the methodology of national accounts data for 2003 onward. Specifically, the classification of sectors was revised. The new reference year for chain linked series is 2010.",Europe & Central Asia,Upper middle income,YF,Original chained constant price data are rescaled.,2010,Value added at basic prices (VAB),IBRD,N/A,Country uses the 2008 System of National Accounts methodology,N/A,Rolling,BPM6,Actual,General trade system,Consolidated central government,Enhanced General Data Dissemination System (e-GDDS),2011,"Multiple Indicator Cluster Survey, 2014","Expenditure survey/budget survey (ES/BS), 2016",Yes,2012,2014,2016,N/A
SSD,South Sudan,South Sudan,Republic of South Sudan,SS,South Sudanese Pound,"South Sudan declared its independence on July 9, 2011. Data are shown separately for South Sudan where available.",Sub-Saharan Africa,Low income,SS,2009,N/A,N/A,IDA,N/A,Country uses the 2008 System of National Accounts methodology,N/A,N/A,BPM6,N/A,N/A,N/A,N/A,2008,"Multiple Indicator Cluster Survey, 2010","Expenditure survey/budget survey (ES/BS), 2009",N/A,N/A,,,N/A
SVK,Slovak Republic,Slovak Republic,Slovak Republic,SK,Euro,"A simple multiplier is used to convert the national currencies of EMU members to euros. The following irrevocable euro conversion rate entered into force on January 1, 2009: 1 euro = 30.126 Slovak koruna. Please note that historical data are not actual euros and are not comparable or suitable for aggregation across countries.",Europe & Central Asia,High income,SK,Original chained constant price data are rescaled.,2010,Value added at basic prices (VAB),N/A,Euro area,Country uses the 2008 System of National Accounts methodology,N/A,Rolling,BPM6,N/A,General trade system,Consolidated central government,Special Data Dissemination Standard (SDDS),2011,"World Health Survey, 2003","Income survey (IS), 2014",Yes,2010,2013,2016,N/A
SVN,Slovenia,Slovenia,Republic of Slovenia,SI,Euro,"A simple multiplier is used to convert the national currencies of EMU members to euros. The following irrevocable euro conversion rate entered into force on January 1, 2007: 1 euro = 239.64 Slovenian tolar. Please note that historical data are not actual euros and are not comparable or suitable for aggregation across countries.",Europe & Central Asia,High income,SI,Original chained constant price data are rescaled.,2010,Value added at basic prices (VAB),N/A,Euro area,Country uses the 2008 System of National Accounts methodology,N/A,Rolling,BPM6,N/A,Special trade system,Consolidated central government,Special Data Dissemination Standard (SDDS),2015. Population data compiled from administrative registers.,"World Health Survey, 2003","Expenditure survey/budget survey (ES/BS), 2014",Yes,2010,2013,2016,N/A
SWE,Sweden,Sweden,Kingdom of Sweden,SE,Swedish krona,Fiscal year end: June 30; reporting period for national accounts data: CY.,Europe & Central Asia,High income,SE,Original chained constant price data are rescaled.,2010,Value added at basic prices (VAB),N/A,N/A,Country uses the 2008 System of National Accounts methodology,N/A,Rolling,BPM6,N/A,Special trade system,Consolidated central government,Special Data Dissemination Standard Plus (SDDS+),2011. Population data compiled from administrative registers.,N/A,"Income survey (IS), 2014",Yes,2010,2014,2016,N/A
SWZ,Eswatini,Eswatini,Kingdom of Eswatini,SZ,Eswatini lilangeni,Fiscal year end: March 31; reporting period for national accounts data: CY. Authorities revised national accounts from 1999 to 2015.,Sub-Saharan Africa,Lower middle income,SZ,2011,N/A,Value added at basic prices (VAB),IBRD,N/A,Country uses the 2008 System of National Accounts methodology,N/A,2011,BPM6,Actual,General trade system,Budgetary central government,Enhanced General Data Dissemination System (e-GDDS),2007,"Multiple Indicator Cluster Survey, 2014","Expenditure survey/budget survey (ES/BS), 2009/10",N/A,N/A,2011,2016,N/A
SYR,Syrian Arab Republic,Syrian Arab Republic,Syrian Arab Republic,SY,Syrian pound,N/A,Middle East & North Africa,Lower middle income,SY,2000,N/A,Value added at basic prices (VAB),IDA,N/A,Country uses the 1968 System of National Accounts methodology,1970–2010,2011,BPM5 (Converted into BPM6 by IMF),Estimate,Special trade system,Budgetary central government,Enhanced General Data Dissemination System (e-GDDS),2004,"Multiple Indicator Cluster Survey, 2006","Expenditure survey/budget survey (ES/BS), 2007",N/A,N/A,2005,2016,N/A
TCD,Chad,Chad,Republic of Chad,TD,Central African CFA franc,N/A,Sub-Saharan Africa,Low income,TD,2005,N/A,Value added at basic prices (VAB),IDA,HIPC,Country uses the 1993 System of National Accounts methodology,N/A,2011,BPM5 (Converted into BPM6 by IMF),Estimate,Special trade system,N/A,Enhanced General Data Dissemination System (e-GDDS),2009,"Demographic and Health Survey, 2014/15","Priority survey (PS), 2011",N/A,N/A,,2016,N/A
TGO,Togo,Togo,Republic of Togo,TG,West African CFA franc,N/A,Sub-Saharan Africa,Low income,TG,2000,N/A,Value added at producer prices (VAP),IDA,HIPC,Country uses the 1993 System of National Accounts methodology,N/A,2011,BPM6,Actual,Special trade system,Budgetary central government,Enhanced General Data Dissemination System (e-GDDS),2010,"Demographic and Health Survey, 2013/14","Core Welfare Indicator Questionnaire Survey (CWIQ), 2015",N/A,2011-14,,2016,N/A
THA,Thailand,Thailand,Kingdom of Thailand,TH,Thai baht,Fiscal year end: September 30; reporting period for national accounts data: CY.,East Asia & Pacific,Upper middle income,TH,2002,N/A,Value added at producer prices (VAP),IBRD,N/A,Country uses the 2008 System of National Accounts methodology,N/A,2011,BPM6,Actual,Special trade system,Consolidated central government,Special Data Dissemination Standard (SDDS),2010,"Multiple Indicator Cluster Survey, 2012/13","Integrated household survey (IHS), 2014",N/A,2013,2011,2016,N/A
TJK,Tajikistan,Tajikistan,Republic of Tajikistan,TJ,Tajik somoni,N/A,Europe & Central Asia,Lower middle income,TJ,Original chained constant price data are rescaled.,2000,Value added at basic prices (VAB),IDA,N/A,Country uses the 1993 System of National Accounts methodology,1990–95,2011,BPM6,Actual,General trade system,N/A,Enhanced General Data Dissemination System (e-GDDS),2010,"Demographic and Health Survey, 2012","Expenditure survey/budget survey (ES/BS), 2015",N/A,2013,,2016,N/A
TKM,Turkmenistan,Turkmenistan,Turkmenistan,TM,New Turkmen manat,N/A,Europe & Central Asia,Upper middle income,TM,2005,N/A,Value added at basic prices (VAB),IBRD,N/A,Country uses the 1993 System of National Accounts methodology,"1987–95, 1997–2007",N/A,BPM5 (Converted into BPM6 by IMF),Estimate,N/A,N/A,N/A,2012,"Multiple Indicator Cluster Survey, 2015/16","Living Standards Measurement Study Survey (LSMS), 1998",N/A,N/A,,2016,N/A
TTO,Trinidad and Tobago,Trinidad and Tobago,Republic of Trinidad and Tobago,TT,Trinidad and Tobago dollar,N/A,Latin America & Caribbean,High income,TT,2000,N/A,Value added at basic prices (VAB),IBRD,N/A,Country uses the 1993 System of National Accounts methodology,N/A,2011,BPM6,N/A,Special trade system,N/A,Enhanced General Data Dissemination System (e-GDDS),2011,"Multiple Indicator Cluster Survey, 2011","Integrated household survey (IHS), 1992",Yes,N/A,2006,2016,N/A
TUN,Tunisia,Tunisia,Republic of Tunisia,TN,Tunisian dinar,N/A,Middle East & North Africa,Lower middle income,TN,2010,N/A,Value added at basic prices (VAB),IBRD,N/A,Country uses the 1993 System of National Accounts methodology,N/A,2011,BPM5 (Converted into BPM6 by IMF),Actual,General trade system,Budgetary central government,Special Data Dissemination Standard (SDDS),2014,"Multiple Indicator Cluster Survey, 2011/12","Integrated household survey (IHS), 2015",N/A,N/A,2010,2016,N/A
TUR,Turkey,Turkey,Republic of Turkey,TR,New Turkish lira,The new base year is 2009,Europe & Central Asia,Upper middle income,TR,2009,N/A,Value added at basic prices (VAB),IBRD,N/A,Country uses the 2008 System of National Accounts methodology,N/A,Rolling,BPM6,Actual,Special trade system,Consolidated central government,Special Data Dissemination Standard (SDDS),"2011. Population data compiled from administrative registers in combination with other sources of data, such as a sample surveys.","Demographic and Health Survey, 2013","Expenditure survey/budget survey (ES/BS), 2014",Yes,2014,2014,2016,N/A
TWN,"Taiwan, China","Taiwan, China","Taiwan, China",TW,Taiwanese dollar,N/A,East Asia & Pacific,High income: nonOECD,TW,2001,N/A,Value added at producer prices (VAP),N/A,N/A,N/A,N/A,N/A,N/A,N/A,N/A,N/A,N/A,N/A,N/A,N/A,N/A,N/A,,,N/A
TZA,Tanzania,Tanzania,United Republic of Tanzania,TZ,Tanzanian shilling,Tanzania reports using a blend of SNA 1993 and SNA 2008.,Sub-Saharan Africa,Low income,TZ,2007,N/A,Value added at basic prices (VAB),IDA,HIPC,Country uses the 1993 System of National Accounts methodology,N/A,2011,BPM6,Estimate,General trade system,Budgetary central government,Enhanced General Data Dissemination System (e-GDDS),2012,"Demographic and Health Survey, 2015/16","Expenditure survey/budget survey (ES/BS), 2011/12",N/A,2007/08,2010,2016,N/A
UGA,Uganda,Uganda,Republic of Uganda,UG,Ugandan shilling,Fiscal year end: June 30; reporting period for national accounts data: FY.,Sub-Saharan Africa,Low income,UG,2009/10,N/A,Value added at basic prices (VAB),IDA,HIPC,Country uses the 2008 System of National Accounts methodology,N/A,2011,BPM6,Actual,General trade system,Consolidated central government,Enhanced General Data Dissemination System (e-GDDS),2014,"Demographic and Health Survey, 2016","Integrated household survey (IHS), 2012/13",N/A,2008/09,2000,2016,N/A
UKR,Ukraine,Ukraine,Ukraine,UA,Ukrainian hryvnia,N/A,Europe & Central Asia,Lower middle income,UA,Original chained constant price data are rescaled.,2010,Value added at basic prices (VAB),IBRD,N/A,Country uses the 2008 System of National Accounts methodology,1987–95,2011,BPM6,Actual,General trade system,Consolidated central government,Special Data Dissemination Standard (SDDS),2001,"Multiple Indicator Cluster Survey, 2012","Integrated household survey (IHS), 2016",Yes,N/A,2014,2016,N/A
URY,Uruguay,Uruguay,Oriental Republic of Uruguay,UY,Uruguayan peso,N/A,Latin America & Caribbean,High income,UY,2005,N/A,Value added at basic prices (VAB),IBRD,N/A,Country uses the 1993 System of National Accounts methodology,N/A,2011,BPM6,N/A,Special trade system,Consolidated central government,Special Data Dissemination Standard (SDDS),2011,"Multiple Indicator Cluster Survey, 2012/13","Integrated household survey (IHS), 2016",Yes,2011,2011,2016,N/A
USA,United States,United States,United States of America,US,U.S. dollar,N/A,North America,High income,US,Original chained constant price data are rescaled.,2010,Value added at basic prices (VAB),N/A,N/A,Country uses the 2008 System of National Accounts methodology,N/A,2011,BPM6,N/A,General trade system,Consolidated central government,Special Data Dissemination Standard Plus (SDDS+),2010,N/A,"Labor force survey (LFS), 2013",Yes,2012,2011,2016,N/A
UZB,Uzbekistan,Uzbekistan,Republic of Uzbekistan,UZ,Uzbek sum,N/A,Europe & Central Asia,Lower middle income,UZ,Original chained constant price data are rescaled.,1997,Value added at basic prices (VAB),Blend,N/A,Country uses the 1993 System of National Accounts methodology,1990–95,N/A,N/A,Actual,General trade system,Consolidated central government,N/A,1989,"Multiple Indicator Cluster Survey, 2006","Expenditure survey/budget survey (ES/BS), 2013",Yes,N/A,,2016,N/A
VEN,Venezuela,"Venezuela, RB",República Bolivariana de Venezuela,VE,Venezuelan bolivar fuerte,N/A,Latin America & Caribbean,Upper middle income,VE,1997,N/A,Value added at basic prices (VAB),IBRD,N/A,Country uses the 1993 System of National Accounts methodology,N/A,2011,BPM6,Estimate,General trade system,N/A,Enhanced General Data Dissemination System (e-GDDS),2011,"Multiple Indicator Cluster Survey, 2000","Integrated household survey (IHS), 2015",N/A,2008,1998,2016,N/A
VNM,Vietnam,Vietnam,Socialist Republic of Vietnam,VN,Vietnamese dong,N/A,East Asia & Pacific,Lower middle income,VN,2010,N/A,Value added at basic prices (VAB),IBRD,N/A,Country uses the 1993 System of National Accounts methodology,1991,2011,BPM6,Actual,General trade system,N/A,Enhanced General Data Dissemination System (e-GDDS),2009,"Multiple Indicator Cluster Survey, 2013/14","Integrated household survey (IHS), 2014",Yes,2011,2013,2016,N/A
XKX,Kosovo,Kosovo,Republic of Kosovo,XK,Euro,WB-3 code changed from KSV to XKX to align with ISO provisional code.,Europe & Central Asia,Lower middle income,XK,2008,N/A,Value added at basic prices (VAB),IDA,N/A,Country uses the 1993 System of National Accounts methodology,N/A,N/A,BPM6,Actual,N/A,N/A,Enhanced General Data Dissemination System (e-GDDS),2011,"Multiple Indicator Cluster Survey, 2013/14","Expenditure survey/budget survey (ES/BS), 2015",N/A,2014,,,N/A
YEM,Yemen,"Yemen, Rep.",Republic of Yemen,YE,Yemeni rial,"Based on official government statistics and International Monetary Fund data, national accounts data have been revised for 1990 onward. The exchange rate used for 2016 is official rate and not IFS rate. The base year has reverted to 1990.",Middle East & North Africa,Lower middle income,RY,1990,N/A,Value added at basic prices (VAB),IDA,N/A,Country uses the 1993 System of National Accounts methodology,1990–96,2011,BPM5 (Converted into BPM6 by IMF),Actual,Special trade system,N/A,Enhanced General Data Dissemination System (e-GDDS),2004,"Demographic and Health Survey, 2013","Expenditure survey/budget survey (ES/BS), 2014",N/A,N/A,2012,2016,N/A
ZAF,South Africa,South Africa,Republic of South Africa,ZA,South African rand,Fiscal year end: March 31; reporting period for national accounts data: CY.,Sub-Saharan Africa,Upper middle income,ZA,2010,N/A,Value added at basic prices (VAB),IBRD,N/A,Country uses the 2008 System of National Accounts methodology,N/A,2011,BPM6,Preliminary,General trade system,Consolidated central government,Special Data Dissemination Standard (SDDS),2011,"Demographic and Health Survey, 2003; World Health Survey, 2003","Expenditure survey/budget survey (ES/BS), 2014/15",N/A,2007,2010,2016,N/A
ZMB,Zambia,Zambia,Republic of Zambia,ZM,New Zambian kwacha,"The base year is 2010. National accounts data were rebased to reflect the January 1, 2013, introduction of the new Zambian kwacha at a rate of 1,000 old kwacha = 1 new kwacha. Zambia reports using SNA 2008.",Sub-Saharan Africa,Lower middle income,ZM,2010,N/A,Value added at basic prices (VAB),IDA,HIPC,Country uses the 2008 System of National Accounts methodology,1990–92,2011,BPM6,Actual,General trade system,Budgetary central government,Enhanced General Data Dissemination System (e-GDDS),2010,"Demographic and Health Survey, 2013/14","Integrated household survey (IHS), 2015",N/A,N/A,1994,2016,N/A
ZWE,Zimbabwe,Zimbabwe,Republic of Zimbabwe,ZW,U.S. dollar,"Fiscal year end: June 30; reporting period for national accounts data: CY. As of January 2009, multiple hard currencies, such as rand, pound sterling, euro and U.S. dollar are in use. Data are reported in U.S. dollars, the most-used currency.",Sub-Saharan Africa,Low income,ZW,2009,N/A,Value added at basic prices (VAB),Blend,N/A,Country uses the 1993 System of National Accounts methodology,"1991, 1998",2011,BPM6,Actual,General trade system,Budgetary central government,Enhanced General Data Dissemination System (e-GDDS),2012,"Demographic and Health Survey, 2015","Integrated household survey (IHS), 2011/12",N/A,N/A,,2016,N/A
